filename,start_time,end_time,label
h001_0.wav,1,3,rain
h001_0.wav,3,5,rain
h001_0.wav,5,7,rain
h001_0.wav,7,9,rain
h001_1.wav,1,3,rain
h001_1.wav,3,5,rain
h001_1.wav,5,7,rain
h001_1.wav,7,9,rain
h001_2.wav,1,3,rain
h001_2.wav,3,5,rain
h001_2.wav,5,7,rain
h001_2.wav,7,9,rain
h001_3.wav,1,3,rain
h001_3.wav,3,5,rain
h001_3.wav,5,7,rain
h001_3.wav,7,9,rain
h001_4.wav,1,3,rain
h001_4.wav,3,5,rain
h001_4.wav,5,7,rain
h001_4.wav,7,9,rain
h001_5.wav,1,3,rain
h001_5.wav,3,5,rain
h001_5.wav,5,7,rain
h001_5.wav,7,9,rain
h001_6.wav,1,3,rain
h001_6.wav,3,5,rain
h001_6.wav,5,7,rain
h001_6.wav,7,9,rain
h001_7.wav,1,3,rain
h001_7.wav,3,5,rain
h001_7.wav,5,7,rain
h001_7.wav,7,9,rain
h001_8.wav,1,3,rain
h001_8.wav,3,5,rain
h001_8.wav,5,7,rain
h001_8.wav,7,9,rain
h001_9.wav,1,3,rain
h001_9.wav,3,5,rain
h001_9.wav,5,7,rain
h001_9.wav,7,9,rain
h001_10.wav,1,3,rain
h001_10.wav,3,5,rain
h001_10.wav,5,7,rain
h001_10.wav,7,9,rain
h001_11.wav,1,3,rain
h001_11.wav,3,5,rain
h001_11.wav,5,7,rain
h001_11.wav,7,9,rain
h001_12.wav,1,3,rain
h001_12.wav,3,5,rain
h001_12.wav,5,7,rain
h001_12.wav,7,9,rain
h001_13.wav,1,3,rain
h001_13.wav,3,5,rain
h001_13.wav,5,7,rain
h001_13.wav,7,9,rain
h001_14.wav,1,3,rain
h001_14.wav,3,5,rain
h001_14.wav,5,7,rain
h001_14.wav,7,9,rain
h001_15.wav,1,3,rain
h001_15.wav,3,5,rain
h001_15.wav,5,7,rain
h001_15.wav,7,9,rain
h001_16.wav,1,3,rain
h001_16.wav,3,5,rain
h001_16.wav,5,7,rain
h001_16.wav,7,9,rain
h002_0.wav,1,3,rain
h002_0.wav,3,5,rain
h002_0.wav,5,7,rain
h002_0.wav,7,9,rain
h002_1.wav,1,3,rain
h002_1.wav,3,5,rain
h002_1.wav,5,7,rain
h002_1.wav,7,9,rain
h002_2.wav,1,3,rain
h002_2.wav,3,5,rain
h002_2.wav,5,7,rain
h002_2.wav,7,9,rain
h002_3.wav,1,3,rain
h002_3.wav,3,5,rain
h002_3.wav,5,7,rain
h002_3.wav,7,9,rain
h002_4.wav,1,3,rain
h002_4.wav,3,5,rain
h002_4.wav,5,7,rain
h002_4.wav,7,9,rain
h002_5.wav,1,3,rain
h002_5.wav,3,5,rain
h002_5.wav,5,7,rain
h002_5.wav,7,9,rain
h002_6.wav,1,3,rain
h002_6.wav,3,5,rain
h002_6.wav,5,7,rain
h002_6.wav,7,9,rain
h002_7.wav,1,3,rain
h002_7.wav,3,5,rain
h002_7.wav,5,7,rain
h002_7.wav,7,9,rain
h002_8.wav,1,3,rain
h002_8.wav,3,5,rain
h002_8.wav,5,7,rain
h002_8.wav,7,9,rain
h002_9.wav,1,3,rain
h002_9.wav,3,5,rain
h002_9.wav,5,7,rain
h002_9.wav,7,9,rain
h003_0.wav,1,3,rain
h003_0.wav,3,5,rain
h003_0.wav,5,7,rain
h003_0.wav,7,9,rain
h003_1.wav,1,3,rain
h003_1.wav,3,5,rain
h003_1.wav,5,7,rain
h003_1.wav,7,9,rain
h003_2.wav,1,3,rain
h003_2.wav,3,5,rain
h003_2.wav,5,7,rain
h003_2.wav,7,9,rain
h003_3.wav,1,3,rain
h003_3.wav,3,5,rain
h003_3.wav,5,7,rain
h003_3.wav,7,9,rain
h003_4.wav,1,3,rain
h003_4.wav,3,5,rain
h003_4.wav,5,7,rain
h003_4.wav,7,9,rain
h003_5.wav,1,3,rain
h003_5.wav,3,5,rain
h003_5.wav,5,7,rain
h003_5.wav,7,9,rain
h003_6.wav,1,3,rain
h003_6.wav,3,5,rain
h003_6.wav,5,7,rain
h003_6.wav,7,9,rain
h003_7.wav,1,3,rain
h003_7.wav,3,5,rain
h003_7.wav,5,7,rain
h003_7.wav,7,9,rain
h003_8.wav,1,3,rain
h003_8.wav,3,5,rain
h003_8.wav,5,7,rain
h003_8.wav,7,9,rain
h003_9.wav,1,3,rain
h003_9.wav,3,5,rain
h003_9.wav,5,7,rain
h003_9.wav,7,9,rain
h003_10.wav,1,3,rain
h003_10.wav,3,5,rain
h003_10.wav,5,7,rain
h003_10.wav,7,9,rain
h004_0.wav,1,3,rain
h004_0.wav,3,5,rain
h004_0.wav,5,7,rain
h004_0.wav,7,9,rain
h004_1.wav,1,3,rain
h004_1.wav,3,5,rain
h004_1.wav,5,7,rain
h004_1.wav,7,9,rain
h004_2.wav,1,3,rain
h004_2.wav,3,5,rain
h004_2.wav,5,7,rain
h004_2.wav,7,9,rain
h004_3.wav,1,3,rain
h004_3.wav,3,5,rain
h004_3.wav,5,7,rain
h004_3.wav,7,9,rain
h004_4.wav,1,3,rain
h004_4.wav,3,5,rain
h004_4.wav,5,7,rain
h004_4.wav,7,9,rain
h004_5.wav,1,3,rain
h004_5.wav,3,5,rain
h004_5.wav,5,7,rain
h004_5.wav,7,9,rain
h004_6.wav,1,3,rain
h004_6.wav,3,5,rain
h004_6.wav,5,7,rain
h004_6.wav,7,9,rain
h004_7.wav,1,3,rain
h004_7.wav,3,5,rain
h004_7.wav,5,7,rain
h004_7.wav,7,9,rain
h004_8.wav,1,3,rain
h004_8.wav,3,5,rain
h004_8.wav,5,7,rain
h004_8.wav,7,9,rain
h004_9.wav,1,3,rain
h004_9.wav,3,5,rain
h004_9.wav,5,7,rain
h004_9.wav,7,9,rain
h004_10.wav,1,3,rain
h004_10.wav,3,5,rain
h004_10.wav,5,7,rain
h004_10.wav,7,9,rain
h005_0.wav,1,3,rain
h005_0.wav,3,5,rain
h005_0.wav,5,7,rain
h005_0.wav,7,9,rain
h005_1.wav,1,3,rain
h005_1.wav,3,5,rain
h005_1.wav,5,7,rain
h005_1.wav,7,9,rain
h005_2.wav,1,3,rain
h005_2.wav,3,5,rain
h005_2.wav,5,7,rain
h005_2.wav,7,9,rain
h005_3.wav,1,3,rain
h005_3.wav,3,5,rain
h005_3.wav,5,7,rain
h005_3.wav,7,9,rain
h005_4.wav,1,3,rain
h005_4.wav,3,5,rain
h005_4.wav,5,7,rain
h005_4.wav,7,9,rain
h005_5.wav,1,3,rain
h005_5.wav,3,5,rain
h005_5.wav,5,7,rain
h005_5.wav,7,9,rain
h005_6.wav,1,3,rain
h005_6.wav,3,5,rain
h005_6.wav,5,7,rain
h005_6.wav,7,9,rain
h005_7.wav,1,3,rain
h005_7.wav,3,5,rain
h005_7.wav,5,7,rain
h005_7.wav,7,9,rain
h005_8.wav,1,3,rain
h005_8.wav,3,5,rain
h005_8.wav,5,7,rain
h005_8.wav,7,9,rain
h005_9.wav,1,3,rain
h005_9.wav,3,5,rain
h005_9.wav,5,7,rain
h005_9.wav,7,9,rain
h005_10.wav,1,3,rain
h005_10.wav,3,5,rain
h005_10.wav,5,7,rain
h005_10.wav,7,9,rain
h005_11.wav,1,3,rain
h005_11.wav,3,5,rain
h005_11.wav,5,7,rain
h005_11.wav,7,9,rain
h005_12.wav,1,3,rain
h005_12.wav,3,5,rain
h005_12.wav,5,7,rain
h005_12.wav,7,9,rain
h005_13.wav,1,3,rain
h005_13.wav,3,5,rain
h005_13.wav,5,7,rain
h005_13.wav,7,9,rain
h005_14.wav,1,3,rain
h005_14.wav,3,5,rain
h005_14.wav,5,7,rain
h005_14.wav,7,9,rain
h005_15.wav,1,3,rain
h005_15.wav,3,5,rain
h005_15.wav,5,7,rain
h005_15.wav,7,9,rain
h005_16.wav,1,3,rain
h005_16.wav,3,5,rain
h005_16.wav,5,7,rain
h005_16.wav,7,9,rain
h005_17.wav,1,3,rain
h005_17.wav,3,5,rain
h005_17.wav,5,7,rain
h005_17.wav,7,9,rain
h005_18.wav,1,3,rain
h005_18.wav,3,5,rain
h005_18.wav,5,7,rain
h005_18.wav,7,9,rain
h005_19.wav,1,3,rain
h005_19.wav,3,5,rain
h005_19.wav,5,7,rain
h005_19.wav,7,9,rain
h005_20.wav,1,3,rain
h005_20.wav,3,5,rain
h005_20.wav,5,7,rain
h005_20.wav,7,9,rain
h005_21.wav,1,3,rain
h005_21.wav,3,5,rain
h005_21.wav,5,7,rain
h005_21.wav,7,9,rain
h005_22.wav,1,3,rain
h005_22.wav,3,5,rain
h005_22.wav,5,7,rain
h005_22.wav,7,9,rain
h005_23.wav,1,3,rain
h005_23.wav,3,5,rain
h005_23.wav,5,7,rain
h005_23.wav,7,9,rain
h005_24.wav,1,3,rain
h005_24.wav,3,5,rain
h005_24.wav,5,7,rain
h005_24.wav,7,9,rain
h005_25.wav,1,3,rain
h005_25.wav,3,5,rain
h005_25.wav,5,7,rain
h005_25.wav,7,9,rain
h005_26.wav,1,3,rain
h005_26.wav,3,5,rain
h005_26.wav,5,7,rain
h005_26.wav,7,9,rain
h005_27.wav,1,3,rain
h005_27.wav,3,5,rain
h005_27.wav,5,7,rain
h005_27.wav,7,9,rain
h005_28.wav,1,3,rain
h005_28.wav,3,5,rain
h005_28.wav,5,7,rain
h005_28.wav,7,9,rain
h005_29.wav,1,3,rain
h005_29.wav,3,5,rain
h005_29.wav,5,7,rain
h005_29.wav,7,9,rain
h005_30.wav,1,3,rain
h005_30.wav,3,5,rain
h005_30.wav,5,7,rain
h005_30.wav,7,9,rain
h005_31.wav,1,3,rain
h005_31.wav,3,5,rain
h005_31.wav,5,7,rain
h005_31.wav,7,9,rain
h005_32.wav,1,3,rain
h005_32.wav,3,5,rain
h005_32.wav,5,7,rain
h005_32.wav,7,9,rain
h005_33.wav,1,3,rain
h005_33.wav,3,5,rain
h005_33.wav,5,7,rain
h005_33.wav,7,9,rain
h005_34.wav,1,3,rain
h005_34.wav,3,5,rain
h005_34.wav,5,7,rain
h005_34.wav,7,9,rain
h005_35.wav,1,3,rain
h005_35.wav,3,5,rain
h005_35.wav,5,7,rain
h005_35.wav,7,9,rain
h005_36.wav,1,3,rain
h005_36.wav,3,5,rain
h005_36.wav,5,7,rain
h005_36.wav,7,9,rain
h005_37.wav,1,3,rain
h005_37.wav,3,5,rain
h005_37.wav,5,7,rain
h005_37.wav,7,9,rain
h005_38.wav,1,3,rain
h005_38.wav,3,5,rain
h005_38.wav,5,7,rain
h005_38.wav,7,9,rain
h005_39.wav,1,3,rain
h005_39.wav,3,5,rain
h005_39.wav,5,7,rain
h005_39.wav,7,9,rain
h005_40.wav,1,3,rain
h005_40.wav,3,5,rain
h005_40.wav,5,7,rain
h005_40.wav,7,9,rain
h005_41.wav,1,3,rain
h005_41.wav,3,5,rain
h005_41.wav,5,7,rain
h005_41.wav,7,9,rain
h005_42.wav,1,3,rain
h005_42.wav,3,5,rain
h005_42.wav,5,7,rain
h005_42.wav,7,9,rain
h005_43.wav,1,3,rain
h005_43.wav,3,5,rain
h005_43.wav,5,7,rain
h005_43.wav,7,9,rain
h005_44.wav,1,3,rain
h005_44.wav,3,5,rain
h005_44.wav,5,7,rain
h005_44.wav,7,9,rain
h005_45.wav,1,3,rain
h005_45.wav,3,5,rain
h005_45.wav,5,7,rain
h005_45.wav,7,9,rain
h005_46.wav,1,3,rain
h005_46.wav,3,5,rain
h005_46.wav,5,7,rain
h005_46.wav,7,9,rain
h005_47.wav,1,3,rain
h005_47.wav,3,5,rain
h005_47.wav,5,7,rain
h005_47.wav,7,9,rain
h005_48.wav,1,3,rain
h005_48.wav,3,5,rain
h005_48.wav,5,7,rain
h005_48.wav,7,9,rain
h005_49.wav,1,3,rain
h005_49.wav,3,5,rain
h005_49.wav,5,7,rain
h005_49.wav,7,9,rain
h005_50.wav,1,3,rain
h005_50.wav,3,5,rain
h005_50.wav,5,7,rain
h005_50.wav,7,9,rain
h005_51.wav,1,3,rain
h005_51.wav,3,5,rain
h005_51.wav,5,7,rain
h005_51.wav,7,9,rain
h005_52.wav,1,3,rain
h005_52.wav,3,5,rain
h005_52.wav,5,7,rain
h005_52.wav,7,9,rain
h005_53.wav,1,3,rain
h005_53.wav,3,5,rain
h005_53.wav,5,7,rain
h005_53.wav,7,9,rain
h005_54.wav,1,3,rain
h005_54.wav,3,5,rain
h005_54.wav,5,7,rain
h005_54.wav,7,9,rain
h005_55.wav,1,3,rain
h005_55.wav,3,5,rain
h005_55.wav,5,7,rain
h005_55.wav,7,9,rain
h005_56.wav,1,3,rain
h005_56.wav,3,5,rain
h005_56.wav,5,7,rain
h005_56.wav,7,9,rain
h005_57.wav,1,3,rain
h005_57.wav,3,5,rain
h005_57.wav,5,7,rain
h005_57.wav,7,9,rain
h005_58.wav,1,3,rain
h005_58.wav,3,5,rain
h005_58.wav,5,7,rain
h005_58.wav,7,9,rain
h005_59.wav,1,3,rain
h005_59.wav,3,5,rain
h005_59.wav,5,7,rain
h005_59.wav,7,9,rain
h005_60.wav,1,3,rain
h005_60.wav,3,5,rain
h005_60.wav,5,7,rain
h005_60.wav,7,9,rain
h005_61.wav,1,3,rain
h005_61.wav,3,5,rain
h005_61.wav,5,7,rain
h005_61.wav,7,9,rain
h005_62.wav,1,3,rain
h005_62.wav,3,5,rain
h005_62.wav,5,7,rain
h005_62.wav,7,9,rain
h005_63.wav,1,3,rain
h005_63.wav,3,5,rain
h005_63.wav,5,7,rain
h005_63.wav,7,9,rain
h005_64.wav,1,3,rain
h005_64.wav,3,5,rain
h005_64.wav,5,7,rain
h005_64.wav,7,9,rain
h005_65.wav,1,3,rain
h005_65.wav,3,5,rain
h005_65.wav,5,7,rain
h005_65.wav,7,9,rain
h005_66.wav,1,3,rain
h005_66.wav,3,5,rain
h005_66.wav,5,7,rain
h005_66.wav,7,9,rain
h005_67.wav,1,3,rain
h005_67.wav,3,5,rain
h005_67.wav,5,7,rain
h005_67.wav,7,9,rain
h005_68.wav,1,3,rain
h005_68.wav,3,5,rain
h005_68.wav,5,7,rain
h005_68.wav,7,9,rain
h005_69.wav,1,3,rain
h005_69.wav,3,5,rain
h005_69.wav,5,7,rain
h005_69.wav,7,9,rain
h005_70.wav,1,3,rain
h005_70.wav,3,5,rain
h005_70.wav,5,7,rain
h005_70.wav,7,9,rain
h005_71.wav,1,3,rain
h005_71.wav,3,5,rain
h005_71.wav,5,7,rain
h005_71.wav,7,9,rain
h005_72.wav,1,3,rain
h005_72.wav,3,5,rain
h005_72.wav,5,7,rain
h005_72.wav,7,9,rain
h005_73.wav,1,3,rain
h005_73.wav,3,5,rain
h005_73.wav,5,7,rain
h005_73.wav,7,9,rain
h005_74.wav,1,3,rain
h005_74.wav,3,5,rain
h005_74.wav,5,7,rain
h005_74.wav,7,9,rain
h005_75.wav,1,3,rain
h005_75.wav,3,5,rain
h005_75.wav,5,7,rain
h005_75.wav,7,9,rain
h005_76.wav,1,3,rain
h005_76.wav,3,5,rain
h005_76.wav,5,7,rain
h005_76.wav,7,9,rain
h005_77.wav,1,3,rain
h005_77.wav,3,5,rain
h005_77.wav,5,7,rain
h005_77.wav,7,9,rain
h005_78.wav,1,3,rain
h005_78.wav,3,5,rain
h005_78.wav,5,7,rain
h005_78.wav,7,9,rain
h005_79.wav,1,3,rain
h005_79.wav,3,5,rain
h005_79.wav,5,7,rain
h005_79.wav,7,9,rain
h005_80.wav,1,3,rain
h005_80.wav,3,5,rain
h005_80.wav,5,7,rain
h005_80.wav,7,9,rain
h005_81.wav,1,3,rain
h005_81.wav,3,5,rain
h005_81.wav,5,7,rain
h005_81.wav,7,9,rain
h005_82.wav,1,3,rain
h005_82.wav,3,5,rain
h005_82.wav,5,7,rain
h005_82.wav,7,9,rain
h005_83.wav,1,3,rain
h005_83.wav,3,5,rain
h005_83.wav,5,7,rain
h005_83.wav,7,9,rain
h005_84.wav,1,3,rain
h005_84.wav,3,5,rain
h005_84.wav,5,7,rain
h005_84.wav,7,9,rain
h005_85.wav,1,3,rain
h005_85.wav,3,5,rain
h005_85.wav,5,7,rain
h005_85.wav,7,9,rain
h005_86.wav,1,3,rain
h005_86.wav,3,5,rain
h005_86.wav,5,7,rain
h005_86.wav,7,9,rain
h005_87.wav,1,3,rain
h005_87.wav,3,5,rain
h005_87.wav,5,7,rain
h005_87.wav,7,9,rain
h005_88.wav,1,3,rain
h005_88.wav,3,5,rain
h005_88.wav,5,7,rain
h005_88.wav,7,9,rain
h005_89.wav,1,3,rain
h005_89.wav,3,5,rain
h005_89.wav,5,7,rain
h005_89.wav,7,9,rain
h005_90.wav,1,3,rain
h005_90.wav,3,5,rain
h005_90.wav,5,7,rain
h005_90.wav,7,9,rain
h005_91.wav,1,3,rain
h005_91.wav,3,5,rain
h005_91.wav,5,7,rain
h005_91.wav,7,9,rain
h005_92.wav,1,3,rain
h005_92.wav,3,5,rain
h005_92.wav,5,7,rain
h005_92.wav,7,9,rain
h005_93.wav,1,3,rain
h005_93.wav,3,5,rain
h005_93.wav,5,7,rain
h005_93.wav,7,9,rain
h005_94.wav,1,3,rain
h005_94.wav,3,5,rain
h005_94.wav,5,7,rain
h005_94.wav,7,9,rain
h005_95.wav,1,3,rain
h005_95.wav,3,5,rain
h005_95.wav,5,7,rain
h005_95.wav,7,9,rain
h005_96.wav,1,3,rain
h005_96.wav,3,5,rain
h005_96.wav,5,7,rain
h005_96.wav,7,9,rain
h005_97.wav,1,3,rain
h005_97.wav,3,5,rain
h005_97.wav,5,7,rain
h005_97.wav,7,9,rain
h005_98.wav,1,3,rain
h005_98.wav,3,5,rain
h005_98.wav,5,7,rain
h005_98.wav,7,9,rain
h006_0.wav,1,3,rain
h006_0.wav,3,5,rain
h006_0.wav,5,7,rain
h006_0.wav,7,9,rain
h006_1.wav,1,3,rain
h006_1.wav,3,5,rain
h006_1.wav,5,7,rain
h006_1.wav,7,9,rain
h006_2.wav,1,3,rain
h006_2.wav,3,5,rain
h006_2.wav,5,7,rain
h006_2.wav,7,9,rain
h006_3.wav,1,3,rain
h006_3.wav,3,5,rain
h006_3.wav,5,7,rain
h006_3.wav,7,9,rain
h006_4.wav,1,3,rain
h006_4.wav,3,5,rain
h006_4.wav,5,7,rain
h006_4.wav,7,9,rain
h006_5.wav,1,3,rain
h006_5.wav,3,5,rain
h006_5.wav,5,7,rain
h006_5.wav,7,9,rain
h006_6.wav,1,3,rain
h006_6.wav,3,5,rain
h006_6.wav,5,7,rain
h006_6.wav,7,9,rain
h006_7.wav,1,3,rain
h006_7.wav,3,5,rain
h006_7.wav,5,7,rain
h006_7.wav,7,9,rain
h006_8.wav,1,3,rain
h006_8.wav,3,5,rain
h006_8.wav,5,7,rain
h006_8.wav,7,9,rain
h006_9.wav,1,3,rain
h006_9.wav,3,5,rain
h006_9.wav,5,7,rain
h006_9.wav,7,9,rain
h006_10.wav,1,3,rain
h006_10.wav,3,5,rain
h006_10.wav,5,7,rain
h006_10.wav,7,9,rain
h006_11.wav,1,3,rain
h006_11.wav,3,5,rain
h006_11.wav,5,7,rain
h006_11.wav,7,9,rain
h006_12.wav,1,3,rain
h006_12.wav,3,5,rain
h006_12.wav,5,7,rain
h006_12.wav,7,9,rain
h006_13.wav,1,3,rain
h006_13.wav,3,5,rain
h006_13.wav,5,7,rain
h006_13.wav,7,9,rain
h006_14.wav,1,3,rain
h006_14.wav,3,5,rain
h006_14.wav,5,7,rain
h006_14.wav,7,9,rain
h006_15.wav,1,3,rain
h006_15.wav,3,5,rain
h006_15.wav,5,7,rain
h006_15.wav,7,9,rain
h006_16.wav,1,3,rain
h006_16.wav,3,5,rain
h006_16.wav,5,7,rain
h006_16.wav,7,9,rain
h006_17.wav,1,3,rain
h006_17.wav,3,5,rain
h006_17.wav,5,7,rain
h006_17.wav,7,9,rain
h006_18.wav,1,3,rain
h006_18.wav,3,5,rain
h006_18.wav,5,7,rain
h006_18.wav,7,9,rain
h006_19.wav,1,3,rain
h006_19.wav,3,5,rain
h006_19.wav,5,7,rain
h006_19.wav,7,9,rain
h006_20.wav,1,3,rain
h006_20.wav,3,5,rain
h006_20.wav,5,7,rain
h006_20.wav,7,9,rain
h006_21.wav,1,3,rain
h006_21.wav,3,5,rain
h006_21.wav,5,7,rain
h006_21.wav,7,9,rain
h006_22.wav,1,3,rain
h006_22.wav,3,5,rain
h006_22.wav,5,7,rain
h006_22.wav,7,9,rain
h006_23.wav,1,3,rain
h006_23.wav,3,5,rain
h006_23.wav,5,7,rain
h006_23.wav,7,9,rain
h006_24.wav,1,3,rain
h006_24.wav,3,5,rain
h006_24.wav,5,7,rain
h006_24.wav,7,9,rain
h006_25.wav,1,3,rain
h006_25.wav,3,5,rain
h006_25.wav,5,7,rain
h006_25.wav,7,9,rain
h006_26.wav,1,3,rain
h006_26.wav,3,5,rain
h006_26.wav,5,7,rain
h006_26.wav,7,9,rain
h006_27.wav,1,3,rain
h006_27.wav,3,5,rain
h006_27.wav,5,7,rain
h006_27.wav,7,9,rain
h006_28.wav,1,3,rain
h006_28.wav,3,5,rain
h006_28.wav,5,7,rain
h006_28.wav,7,9,rain
h006_29.wav,1,3,rain
h006_29.wav,3,5,rain
h006_29.wav,5,7,rain
h006_29.wav,7,9,rain
h006_30.wav,1,3,rain
h006_30.wav,3,5,rain
h006_30.wav,5,7,rain
h006_30.wav,7,9,rain
h006_31.wav,1,3,rain
h006_31.wav,3,5,rain
h006_31.wav,5,7,rain
h006_31.wav,7,9,rain
h006_32.wav,1,3,rain
h006_32.wav,3,5,rain
h006_32.wav,5,7,rain
h006_32.wav,7,9,rain
h006_33.wav,1,3,rain
h006_33.wav,3,5,rain
h006_33.wav,5,7,rain
h006_33.wav,7,9,rain
h006_34.wav,1,3,rain
h006_34.wav,3,5,rain
h006_34.wav,5,7,rain
h006_34.wav,7,9,rain
h006_35.wav,1,3,rain
h006_35.wav,3,5,rain
h006_35.wav,5,7,rain
h006_35.wav,7,9,rain
h006_36.wav,1,3,rain
h006_36.wav,3,5,rain
h006_36.wav,5,7,rain
h006_36.wav,7,9,rain
h006_37.wav,1,3,rain
h006_37.wav,3,5,rain
h006_37.wav,5,7,rain
h006_37.wav,7,9,rain
h006_38.wav,1,3,rain
h006_38.wav,3,5,rain
h006_38.wav,5,7,rain
h006_38.wav,7,9,rain
h006_39.wav,1,3,rain
h006_39.wav,3,5,rain
h006_39.wav,5,7,rain
h006_39.wav,7,9,rain
h006_40.wav,1,3,rain
h006_40.wav,3,5,rain
h006_40.wav,5,7,rain
h006_40.wav,7,9,rain
h006_41.wav,1,3,rain
h006_41.wav,3,5,rain
h006_41.wav,5,7,rain
h006_41.wav,7,9,rain
h006_42.wav,1,3,rain
h006_42.wav,3,5,rain
h006_42.wav,5,7,rain
h006_42.wav,7,9,rain
h006_43.wav,1,3,rain
h006_43.wav,3,5,rain
h006_43.wav,5,7,rain
h006_43.wav,7,9,rain
h006_44.wav,1,3,rain
h006_44.wav,3,5,rain
h006_44.wav,5,7,rain
h006_44.wav,7,9,rain
h006_45.wav,1,3,rain
h006_45.wav,3,5,rain
h006_45.wav,5,7,rain
h006_45.wav,7,9,rain
h006_46.wav,1,3,rain
h006_46.wav,3,5,rain
h006_46.wav,5,7,rain
h006_46.wav,7,9,rain
h006_47.wav,1,3,rain
h006_47.wav,3,5,rain
h006_47.wav,5,7,rain
h006_47.wav,7,9,rain
h006_48.wav,1,3,rain
h006_48.wav,3,5,rain
h006_48.wav,5,7,rain
h006_48.wav,7,9,rain
h006_49.wav,1,3,rain
h006_49.wav,3,5,rain
h006_49.wav,5,7,rain
h006_49.wav,7,9,rain
h006_50.wav,1,3,rain
h006_50.wav,3,5,rain
h006_50.wav,5,7,rain
h006_50.wav,7,9,rain
h006_51.wav,1,3,rain
h006_51.wav,3,5,rain
h006_51.wav,5,7,rain
h006_51.wav,7,9,rain
h006_52.wav,1,3,rain
h006_52.wav,3,5,rain
h006_52.wav,5,7,rain
h006_52.wav,7,9,rain
h006_53.wav,1,3,rain
h006_53.wav,3,5,rain
h006_53.wav,5,7,rain
h006_53.wav,7,9,rain
h006_54.wav,1,3,rain
h006_54.wav,3,5,rain
h006_54.wav,5,7,rain
h006_54.wav,7,9,rain
h006_55.wav,1,3,rain
h006_55.wav,3,5,rain
h006_55.wav,5,7,rain
h006_55.wav,7,9,rain
h006_56.wav,1,3,rain
h006_56.wav,3,5,rain
h006_56.wav,5,7,rain
h006_56.wav,7,9,rain
h006_57.wav,1,3,rain
h006_57.wav,3,5,rain
h006_57.wav,5,7,rain
h006_57.wav,7,9,rain
h006_58.wav,1,3,rain
h006_58.wav,3,5,rain
h006_58.wav,5,7,rain
h006_58.wav,7,9,rain
h006_59.wav,1,3,rain
h006_59.wav,3,5,rain
h006_59.wav,5,7,rain
h006_59.wav,7,9,rain
h006_60.wav,1,3,rain
h006_60.wav,3,5,rain
h006_60.wav,5,7,rain
h006_60.wav,7,9,rain
h006_61.wav,1,3,rain
h006_61.wav,3,5,rain
h006_61.wav,5,7,rain
h006_61.wav,7,9,rain
h006_62.wav,1,3,rain
h006_62.wav,3,5,rain
h006_62.wav,5,7,rain
h006_62.wav,7,9,rain
h006_63.wav,1,3,rain
h006_63.wav,3,5,rain
h006_63.wav,5,7,rain
h006_63.wav,7,9,rain
h006_64.wav,1,3,rain
h006_64.wav,3,5,rain
h006_64.wav,5,7,rain
h006_64.wav,7,9,rain
h006_65.wav,1,3,rain
h006_65.wav,3,5,rain
h006_65.wav,5,7,rain
h006_65.wav,7,9,rain
h006_66.wav,1,3,rain
h006_66.wav,3,5,rain
h006_66.wav,5,7,rain
h006_66.wav,7,9,rain
h006_67.wav,1,3,rain
h006_67.wav,3,5,rain
h006_67.wav,5,7,rain
h006_67.wav,7,9,rain
h006_68.wav,1,3,rain
h006_68.wav,3,5,rain
h006_68.wav,5,7,rain
h006_68.wav,7,9,rain
h006_69.wav,1,3,rain
h006_69.wav,3,5,rain
h006_69.wav,5,7,rain
h006_69.wav,7,9,rain
h006_70.wav,1,3,rain
h006_70.wav,3,5,rain
h006_70.wav,5,7,rain
h006_70.wav,7,9,rain
h007_0.wav,1,3,rain
h007_0.wav,3,5,rain
h007_0.wav,5,7,rain
h007_0.wav,7,9,rain
h007_1.wav,1,3,rain
h007_1.wav,3,5,rain
h007_1.wav,5,7,rain
h007_1.wav,7,9,rain
h007_2.wav,1,3,rain
h007_2.wav,3,5,rain
h007_2.wav,5,7,rain
h007_2.wav,7,9,rain
h007_3.wav,1,3,rain
h007_3.wav,3,5,rain
h007_3.wav,5,7,rain
h007_3.wav,7,9,rain
h007_4.wav,1,3,rain
h007_4.wav,3,5,rain
h007_4.wav,5,7,rain
h007_4.wav,7,9,rain
h007_5.wav,1,3,rain
h007_5.wav,3,5,rain
h007_5.wav,5,7,rain
h007_5.wav,7,9,rain
h007_6.wav,1,3,rain
h007_6.wav,3,5,rain
h007_6.wav,5,7,rain
h007_6.wav,7,9,rain
h007_7.wav,1,3,rain
h007_7.wav,3,5,rain
h007_7.wav,5,7,rain
h007_7.wav,7,9,rain
h007_8.wav,1,3,rain
h007_8.wav,3,5,rain
h007_8.wav,5,7,rain
h007_8.wav,7,9,rain
h007_9.wav,1,3,rain
h007_9.wav,3,5,rain
h007_9.wav,5,7,rain
h007_9.wav,7,9,rain
h007_10.wav,1,3,rain
h007_10.wav,3,5,rain
h007_10.wav,5,7,rain
h007_10.wav,7,9,rain
h007_11.wav,1,3,rain
h007_11.wav,3,5,rain
h007_11.wav,5,7,rain
h007_11.wav,7,9,rain
h007_12.wav,1,3,rain
h007_12.wav,3,5,rain
h007_12.wav,5,7,rain
h007_12.wav,7,9,rain
h007_13.wav,1,3,rain
h007_13.wav,3,5,rain
h007_13.wav,5,7,rain
h007_13.wav,7,9,rain
h007_14.wav,1,3,rain
h007_14.wav,3,5,rain
h007_14.wav,5,7,rain
h007_14.wav,7,9,rain
h007_15.wav,1,3,rain
h007_15.wav,3,5,rain
h007_15.wav,5,7,rain
h007_15.wav,7,9,rain
h007_16.wav,1,3,rain
h007_16.wav,3,5,rain
h007_16.wav,5,7,rain
h007_16.wav,7,9,rain
h007_17.wav,1,3,rain
h007_17.wav,3,5,rain
h007_17.wav,5,7,rain
h007_17.wav,7,9,rain
h007_18.wav,1,3,rain
h007_18.wav,3,5,rain
h007_18.wav,5,7,rain
h007_18.wav,7,9,rain
h007_19.wav,1,3,rain
h007_19.wav,3,5,rain
h007_19.wav,5,7,rain
h007_19.wav,7,9,rain
h007_20.wav,1,3,rain
h007_20.wav,3,5,rain
h007_20.wav,5,7,rain
h007_20.wav,7,9,rain
h007_21.wav,1,3,rain
h007_21.wav,3,5,rain
h007_21.wav,5,7,rain
h007_21.wav,7,9,rain
h007_22.wav,1,3,rain
h007_22.wav,3,5,rain
h007_22.wav,5,7,rain
h007_22.wav,7,9,rain
h007_23.wav,1,3,rain
h007_23.wav,3,5,rain
h007_23.wav,5,7,rain
h007_23.wav,7,9,rain
h007_24.wav,1,3,rain
h007_24.wav,3,5,rain
h007_24.wav,5,7,rain
h007_24.wav,7,9,rain
h007_25.wav,1,3,rain
h007_25.wav,3,5,rain
h007_25.wav,5,7,rain
h007_25.wav,7,9,rain
h007_26.wav,1,3,rain
h007_26.wav,3,5,rain
h007_26.wav,5,7,rain
h007_26.wav,7,9,rain
h007_27.wav,1,3,rain
h007_27.wav,3,5,rain
h007_27.wav,5,7,rain
h007_27.wav,7,9,rain
h007_28.wav,1,3,rain
h007_28.wav,3,5,rain
h007_28.wav,5,7,rain
h007_28.wav,7,9,rain
h007_29.wav,1,3,rain
h007_29.wav,3,5,rain
h007_29.wav,5,7,rain
h007_29.wav,7,9,rain
h007_30.wav,1,3,rain
h007_30.wav,3,5,rain
h007_30.wav,5,7,rain
h007_30.wav,7,9,rain
h007_31.wav,1,3,rain
h007_31.wav,3,5,rain
h007_31.wav,5,7,rain
h007_31.wav,7,9,rain
h007_32.wav,1,3,rain
h007_32.wav,3,5,rain
h007_32.wav,5,7,rain
h007_32.wav,7,9,rain
h007_33.wav,1,3,rain
h007_33.wav,3,5,rain
h007_33.wav,5,7,rain
h007_33.wav,7,9,rain
h007_34.wav,1,3,rain
h007_34.wav,3,5,rain
h007_34.wav,5,7,rain
h007_34.wav,7,9,rain
h007_35.wav,1,3,rain
h007_35.wav,3,5,rain
h007_35.wav,5,7,rain
h007_35.wav,7,9,rain
h007_36.wav,1,3,rain
h007_36.wav,3,5,rain
h007_36.wav,5,7,rain
h007_36.wav,7,9,rain
h007_37.wav,1,3,rain
h007_37.wav,3,5,rain
h007_37.wav,5,7,rain
h007_37.wav,7,9,rain
h007_38.wav,1,3,rain
h007_38.wav,3,5,rain
h007_38.wav,5,7,rain
h007_38.wav,7,9,rain
h007_39.wav,1,3,rain
h007_39.wav,3,5,rain
h007_39.wav,5,7,rain
h007_39.wav,7,9,rain
h007_40.wav,1,3,rain
h007_40.wav,3,5,rain
h007_40.wav,5,7,rain
h007_40.wav,7,9,rain
h007_41.wav,1,3,rain
h007_41.wav,3,5,rain
h007_41.wav,5,7,rain
h007_41.wav,7,9,rain
h007_42.wav,1,3,rain
h007_42.wav,3,5,rain
h007_42.wav,5,7,rain
h007_42.wav,7,9,rain
h007_43.wav,1,3,rain
h007_43.wav,3,5,rain
h007_43.wav,5,7,rain
h007_43.wav,7,9,rain
h007_44.wav,1,3,rain
h007_44.wav,3,5,rain
h007_44.wav,5,7,rain
h007_44.wav,7,9,rain
h007_45.wav,1,3,rain
h007_45.wav,3,5,rain
h007_45.wav,5,7,rain
h007_45.wav,7,9,rain
h007_46.wav,1,3,rain
h007_46.wav,3,5,rain
h007_46.wav,5,7,rain
h007_46.wav,7,9,rain
h007_47.wav,1,3,rain
h007_47.wav,3,5,rain
h007_47.wav,5,7,rain
h007_47.wav,7,9,rain
h007_48.wav,1,3,rain
h007_48.wav,3,5,rain
h007_48.wav,5,7,rain
h007_48.wav,7,9,rain
h007_49.wav,1,3,rain
h007_49.wav,3,5,rain
h007_49.wav,5,7,rain
h007_49.wav,7,9,rain
h007_50.wav,1,3,rain
h007_50.wav,3,5,rain
h007_50.wav,5,7,rain
h007_50.wav,7,9,rain
h007_51.wav,1,3,rain
h007_51.wav,3,5,rain
h007_51.wav,5,7,rain
h007_51.wav,7,9,rain
h007_52.wav,1,3,rain
h007_52.wav,3,5,rain
h007_52.wav,5,7,rain
h007_52.wav,7,9,rain
h007_53.wav,1,3,rain
h007_53.wav,3,5,rain
h007_53.wav,5,7,rain
h007_53.wav,7,9,rain
h007_54.wav,1,3,rain
h007_54.wav,3,5,rain
h007_54.wav,5,7,rain
h007_54.wav,7,9,rain
h007_55.wav,1,3,rain
h007_55.wav,3,5,rain
h007_55.wav,5,7,rain
h007_55.wav,7,9,rain
h007_56.wav,1,3,rain
h007_56.wav,3,5,rain
h007_56.wav,5,7,rain
h007_56.wav,7,9,rain
h007_57.wav,1,3,rain
h007_57.wav,3,5,rain
h007_57.wav,5,7,rain
h007_57.wav,7,9,rain
h007_58.wav,1,3,rain
h007_58.wav,3,5,rain
h007_58.wav,5,7,rain
h007_58.wav,7,9,rain
h007_59.wav,1,3,rain
h007_59.wav,3,5,rain
h007_59.wav,5,7,rain
h007_59.wav,7,9,rain
h007_60.wav,1,3,rain
h007_60.wav,3,5,rain
h007_60.wav,5,7,rain
h007_60.wav,7,9,rain
h007_61.wav,1,3,rain
h007_61.wav,3,5,rain
h007_61.wav,5,7,rain
h007_61.wav,7,9,rain
h007_62.wav,1,3,rain
h007_62.wav,3,5,rain
h007_62.wav,5,7,rain
h007_62.wav,7,9,rain
h007_63.wav,1,3,rain
h007_63.wav,3,5,rain
h007_63.wav,5,7,rain
h007_63.wav,7,9,rain
h007_64.wav,1,3,rain
h007_64.wav,3,5,rain
h007_64.wav,5,7,rain
h007_64.wav,7,9,rain
h007_65.wav,1,3,rain
h007_65.wav,3,5,rain
h007_65.wav,5,7,rain
h007_65.wav,7,9,rain
h007_66.wav,1,3,rain
h007_66.wav,3,5,rain
h007_66.wav,5,7,rain
h007_66.wav,7,9,rain
h007_67.wav,1,3,rain
h007_67.wav,3,5,rain
h007_67.wav,5,7,rain
h007_67.wav,7,9,rain
h007_68.wav,1,3,rain
h007_68.wav,3,5,rain
h007_68.wav,5,7,rain
h007_68.wav,7,9,rain
h007_69.wav,1,3,rain
h007_69.wav,3,5,rain
h007_69.wav,5,7,rain
h007_69.wav,7,9,rain
h007_70.wav,1,3,rain
h007_70.wav,3,5,rain
h007_70.wav,5,7,rain
h007_70.wav,7,9,rain
h007_71.wav,1,3,rain
h007_71.wav,3,5,rain
h007_71.wav,5,7,rain
h007_71.wav,7,9,rain
h007_72.wav,1,3,rain
h007_72.wav,3,5,rain
h007_72.wav,5,7,rain
h007_72.wav,7,9,rain
h007_73.wav,1,3,rain
h007_73.wav,3,5,rain
h007_73.wav,5,7,rain
h007_73.wav,7,9,rain
h007_74.wav,1,3,rain
h007_74.wav,3,5,rain
h007_74.wav,5,7,rain
h007_74.wav,7,9,rain
h007_75.wav,1,3,rain
h007_75.wav,3,5,rain
h007_75.wav,5,7,rain
h007_75.wav,7,9,rain
h007_76.wav,1,3,rain
h007_76.wav,3,5,rain
h007_76.wav,5,7,rain
h007_76.wav,7,9,rain
h007_77.wav,1,3,rain
h007_77.wav,3,5,rain
h007_77.wav,5,7,rain
h007_77.wav,7,9,rain
h007_78.wav,1,3,rain
h007_78.wav,3,5,rain
h007_78.wav,5,7,rain
h007_78.wav,7,9,rain
h007_79.wav,1,3,rain
h007_79.wav,3,5,rain
h007_79.wav,5,7,rain
h007_79.wav,7,9,rain
h007_80.wav,1,3,rain
h007_80.wav,3,5,rain
h007_80.wav,5,7,rain
h007_80.wav,7,9,rain
walk001_0.wav,1,3,walking
walk001_0.wav,3,5,walking
walk001_0.wav,5,7,walking
walk001_0.wav,7,9,walking
walk002_0.wav,1,3,walking
walk002_0.wav,3,5,walking
walk002_0.wav,5,7,walking
walk002_0.wav,7,9,walking
walk002_1.wav,1,3,walking
walk002_1.wav,3,5,walking
walk002_1.wav,5,7,walking
walk002_1.wav,7,9,walking
walk002_2.wav,1,3,walking
walk002_2.wav,3,5,walking
walk002_2.wav,5,7,walking
walk002_2.wav,7,9,walking
walk002_3.wav,1,3,walking
walk002_3.wav,3,5,walking
walk002_3.wav,5,7,walking
walk002_3.wav,7,9,walking
walk002_4.wav,1,3,walking
walk002_4.wav,3,5,walking
walk002_4.wav,5,7,walking
walk002_4.wav,7,9,walking
walk002_5.wav,1,3,walking
walk002_5.wav,3,5,walking
walk002_5.wav,5,7,walking
walk002_5.wav,7,9,walking
walk002_6.wav,1,3,walking
walk002_6.wav,3,5,walking
walk002_6.wav,5,7,walking
walk002_6.wav,7,9,walking
walk002_7.wav,1,3,walking
walk002_7.wav,3,5,walking
walk002_7.wav,5,7,walking
walk002_7.wav,7,9,walking
walk002_8.wav,1,3,walking
walk002_8.wav,3,5,walking
walk002_8.wav,5,7,walking
walk002_8.wav,7,9,walking
walk002_9.wav,1,3,walking
walk002_9.wav,3,5,walking
walk002_9.wav,5,7,walking
walk002_9.wav,7,9,walking
walk003_0.wav,1,3,walking
walk003_0.wav,3,5,walking
walk003_0.wav,5,7,walking
walk003_0.wav,7,9,walking
walk003_1.wav,1,3,walking
walk003_1.wav,3,5,walking
walk003_1.wav,5,7,walking
walk003_1.wav,7,9,walking
walk003_2.wav,1,3,walking
walk003_2.wav,3,5,walking
walk003_2.wav,5,7,walking
walk003_2.wav,7,9,walking
walk003_3.wav,1,3,walking
walk003_3.wav,3,5,walking
walk003_3.wav,5,7,walking
walk003_3.wav,7,9,walking
walk003_4.wav,1,3,walking
walk003_4.wav,3,5,walking
walk003_4.wav,5,7,walking
walk003_4.wav,7,9,walking
walk004_0.wav,1,3,walking
walk004_0.wav,3,5,walking
walk004_0.wav,5,7,walking
walk004_0.wav,7,9,walking
walk004_1.wav,1,3,walking
walk004_1.wav,3,5,walking
walk004_1.wav,5,7,walking
walk004_1.wav,7,9,walking
walk004_2.wav,1,3,walking
walk004_2.wav,3,5,walking
walk004_2.wav,5,7,walking
walk004_2.wav,7,9,walking
walk004_3.wav,1,3,walking
walk004_3.wav,3,5,walking
walk004_3.wav,5,7,walking
walk004_3.wav,7,9,walking
walk004_4.wav,1,3,walking
walk004_4.wav,3,5,walking
walk004_4.wav,5,7,walking
walk004_4.wav,7,9,walking
walk004_5.wav,1,3,walking
walk004_5.wav,3,5,walking
walk004_5.wav,5,7,walking
walk004_5.wav,7,9,walking
walk004_6.wav,1,3,walking
walk004_6.wav,3,5,walking
walk004_6.wav,5,7,walking
walk004_6.wav,7,9,walking
walk004_7.wav,1,3,walking
walk004_7.wav,3,5,walking
walk004_7.wav,5,7,walking
walk004_7.wav,7,9,walking
walk004_8.wav,1,3,walking
walk004_8.wav,3,5,walking
walk004_8.wav,5,7,walking
walk004_8.wav,7,9,walking
walk004_9.wav,1,3,walking
walk004_9.wav,3,5,walking
walk004_9.wav,5,7,walking
walk004_9.wav,7,9,walking
walk004_10.wav,1,3,walking
walk004_10.wav,3,5,walking
walk004_10.wav,5,7,walking
walk004_10.wav,7,9,walking
walk004_11.wav,1,3,walking
walk004_11.wav,3,5,walking
walk004_11.wav,5,7,walking
walk004_11.wav,7,9,walking
walk004_12.wav,1,3,walking
walk004_12.wav,3,5,walking
walk004_12.wav,5,7,walking
walk004_12.wav,7,9,walking
walk004_13.wav,1,3,walking
walk004_13.wav,3,5,walking
walk004_13.wav,5,7,walking
walk004_13.wav,7,9,walking
walk005_0.wav,1,3,walking
walk005_0.wav,3,5,walking
walk005_0.wav,5,7,walking
walk005_0.wav,7,9,walking
walk005_1.wav,1,3,walking
walk005_1.wav,3,5,walking
walk005_1.wav,5,7,walking
walk005_1.wav,7,9,walking
walk005_2.wav,1,3,walking
walk005_2.wav,3,5,walking
walk005_2.wav,5,7,walking
walk005_2.wav,7,9,walking
walk005_3.wav,1,3,walking
walk005_3.wav,3,5,walking
walk005_3.wav,5,7,walking
walk005_3.wav,7,9,walking
walk005_4.wav,1,3,walking
walk005_4.wav,3,5,walking
walk005_4.wav,5,7,walking
walk005_4.wav,7,9,walking
walk005_5.wav,1,3,walking
walk005_5.wav,3,5,walking
walk005_5.wav,5,7,walking
walk005_5.wav,7,9,walking
walk005_6.wav,1,3,walking
walk005_6.wav,3,5,walking
walk005_6.wav,5,7,walking
walk005_6.wav,7,9,walking
walk005_7.wav,1,3,walking
walk005_7.wav,3,5,walking
walk005_7.wav,5,7,walking
walk005_7.wav,7,9,walking
walk005_8.wav,1,3,walking
walk005_8.wav,3,5,walking
walk005_8.wav,5,7,walking
walk005_8.wav,7,9,walking
walk005_9.wav,1,3,walking
walk005_9.wav,3,5,walking
walk005_9.wav,5,7,walking
walk005_9.wav,7,9,walking
walk005_10.wav,1,3,walking
walk005_10.wav,3,5,walking
walk005_10.wav,5,7,walking
walk005_10.wav,7,9,walking
walk005_11.wav,1,3,walking
walk005_11.wav,3,5,walking
walk005_11.wav,5,7,walking
walk005_11.wav,7,9,walking
walk005_12.wav,1,3,walking
walk005_12.wav,3,5,walking
walk005_12.wav,5,7,walking
walk005_12.wav,7,9,walking
walk006_0.wav,1,3,walking
walk006_0.wav,3,5,walking
walk006_0.wav,5,7,walking
walk006_0.wav,7,9,walking
walk007_0.wav,1,3,walking
walk007_0.wav,3,5,walking
walk007_0.wav,5,7,walking
walk007_0.wav,7,9,walking
walk008_0.wav,1,3,walking
walk008_0.wav,3,5,walking
walk008_0.wav,5,7,walking
walk008_0.wav,7,9,walking
walk009_0.wav,1,3,walking
walk009_0.wav,3,5,walking
walk009_0.wav,5,7,walking
walk009_0.wav,7,9,walking
walk010_0.wav,1,3,walking
walk010_0.wav,3,5,walking
walk010_0.wav,5,7,walking
walk010_0.wav,7,9,walking
walk011_0.wav,1,3,walking
walk011_0.wav,3,5,walking
walk011_0.wav,5,7,walking
walk011_0.wav,7,9,walking
walk012_0.wav,1,3,walking
walk012_0.wav,3,5,walking
walk012_0.wav,5,7,walking
walk012_0.wav,7,9,walking
walk013_0.wav,1,3,walking
walk013_0.wav,3,5,walking
walk013_0.wav,5,7,walking
walk013_0.wav,7,9,walking
walk016_0.wav,1,3,walking
walk016_0.wav,3,5,walking
walk016_0.wav,5,7,walking
walk016_0.wav,7,9,walking
walk017_0.wav,1,3,walking
walk017_0.wav,3,5,walking
walk017_0.wav,5,7,walking
walk017_0.wav,7,9,walking
walk017_1.wav,1,3,walking
walk017_1.wav,3,5,walking
walk017_1.wav,5,7,walking
walk017_1.wav,7,9,walking
walk018_0.wav,1,3,walking
walk018_0.wav,3,5,walking
walk018_0.wav,5,7,walking
walk018_0.wav,7,9,walking
walk018_1.wav,1,3,walking
walk018_1.wav,3,5,walking
walk018_1.wav,5,7,walking
walk018_1.wav,7,9,walking
walk019_0.wav,1,3,walking
walk019_0.wav,3,5,walking
walk019_0.wav,5,7,walking
walk019_0.wav,7,9,walking
walk020_0.wav,1,3,walking
walk020_0.wav,3,5,walking
walk020_0.wav,5,7,walking
walk020_0.wav,7,9,walking
walk021_0.wav,1,3,walking
walk021_0.wav,3,5,walking
walk021_0.wav,5,7,walking
walk021_0.wav,7,9,walking
walk022_0.wav,1,3,walking
walk022_0.wav,3,5,walking
walk022_0.wav,5,7,walking
walk022_0.wav,7,9,walking
walk023_0.wav,1,3,walking
walk023_0.wav,3,5,walking
walk023_0.wav,5,7,walking
walk023_0.wav,7,9,walking
walk023_1.wav,1,3,walking
walk023_1.wav,3,5,walking
walk023_1.wav,5,7,walking
walk023_1.wav,7,9,walking
walk024_0.wav,1,3,walking
walk024_0.wav,3,5,walking
walk024_0.wav,5,7,walking
walk024_0.wav,7,9,walking
walk024_1.wav,1,3,walking
walk024_1.wav,3,5,walking
walk024_1.wav,5,7,walking
walk024_1.wav,7,9,walking
walk025_0.wav,1,3,walking
walk025_0.wav,3,5,walking
walk025_0.wav,5,7,walking
walk025_0.wav,7,9,walking
walk025_1.wav,1,3,walking
walk025_1.wav,3,5,walking
walk025_1.wav,5,7,walking
walk025_1.wav,7,9,walking
walk025_2.wav,1,3,walking
walk025_2.wav,3,5,walking
walk025_2.wav,5,7,walking
walk025_2.wav,7,9,walking
walk025_3.wav,1,3,walking
walk025_3.wav,3,5,walking
walk025_3.wav,5,7,walking
walk025_3.wav,7,9,walking
walk026_0.wav,1,3,walking
walk026_0.wav,3,5,walking
walk026_0.wav,5,7,walking
walk026_0.wav,7,9,walking
walk026_1.wav,1,3,walking
walk026_1.wav,3,5,walking
walk026_1.wav,5,7,walking
walk026_1.wav,7,9,walking
walk027_0.wav,1,3,walking
walk027_0.wav,3,5,walking
walk027_0.wav,5,7,walking
walk027_0.wav,7,9,walking
walk027_1.wav,1,3,walking
walk027_1.wav,3,5,walking
walk027_1.wav,5,7,walking
walk027_1.wav,7,9,walking
walk027_2.wav,1,3,walking
walk027_2.wav,3,5,walking
walk027_2.wav,5,7,walking
walk027_2.wav,7,9,walking
walk027_3.wav,1,3,walking
walk027_3.wav,3,5,walking
walk027_3.wav,5,7,walking
walk027_3.wav,7,9,walking
walk027_4.wav,1,3,walking
walk027_4.wav,3,5,walking
walk027_4.wav,5,7,walking
walk027_4.wav,7,9,walking
walk027_5.wav,1,3,walking
walk027_5.wav,3,5,walking
walk027_5.wav,5,7,walking
walk027_5.wav,7,9,walking
walk027_6.wav,1,3,walking
walk027_6.wav,3,5,walking
walk027_6.wav,5,7,walking
walk027_6.wav,7,9,walking
walk027_7.wav,1,3,walking
walk027_7.wav,3,5,walking
walk027_7.wav,5,7,walking
walk027_7.wav,7,9,walking
walk027_8.wav,1,3,walking
walk027_8.wav,3,5,walking
walk027_8.wav,5,7,walking
walk027_8.wav,7,9,walking
walk027_9.wav,1,3,walking
walk027_9.wav,3,5,walking
walk027_9.wav,5,7,walking
walk027_9.wav,7,9,walking
walk027_10.wav,1,3,walking
walk027_10.wav,3,5,walking
walk027_10.wav,5,7,walking
walk027_10.wav,7,9,walking
walk027_11.wav,1,3,walking
walk027_11.wav,3,5,walking
walk027_11.wav,5,7,walking
walk027_11.wav,7,9,walking
walk027_12.wav,1,3,walking
walk027_12.wav,3,5,walking
walk027_12.wav,5,7,walking
walk027_12.wav,7,9,walking
walk027_13.wav,1,3,walking
walk027_13.wav,3,5,walking
walk027_13.wav,5,7,walking
walk027_13.wav,7,9,walking
walk027_14.wav,1,3,walking
walk027_14.wav,3,5,walking
walk027_14.wav,5,7,walking
walk027_14.wav,7,9,walking
walk027_15.wav,1,3,walking
walk027_15.wav,3,5,walking
walk027_15.wav,5,7,walking
walk027_15.wav,7,9,walking
walk027_16.wav,1,3,walking
walk027_16.wav,3,5,walking
walk027_16.wav,5,7,walking
walk027_16.wav,7,9,walking
walk027_17.wav,1,3,walking
walk027_17.wav,3,5,walking
walk027_17.wav,5,7,walking
walk027_17.wav,7,9,walking
walk027_18.wav,1,3,walking
walk027_18.wav,3,5,walking
walk027_18.wav,5,7,walking
walk027_18.wav,7,9,walking
walk027_19.wav,1,3,walking
walk027_19.wav,3,5,walking
walk027_19.wav,5,7,walking
walk027_19.wav,7,9,walking
walk027_20.wav,1,3,walking
walk027_20.wav,3,5,walking
walk027_20.wav,5,7,walking
walk027_20.wav,7,9,walking
walk027_21.wav,1,3,walking
walk027_21.wav,3,5,walking
walk027_21.wav,5,7,walking
walk027_21.wav,7,9,walking
walk027_22.wav,1,3,walking
walk027_22.wav,3,5,walking
walk027_22.wav,5,7,walking
walk027_22.wav,7,9,walking
walk027_23.wav,1,3,walking
walk027_23.wav,3,5,walking
walk027_23.wav,5,7,walking
walk027_23.wav,7,9,walking
walk027_24.wav,1,3,walking
walk027_24.wav,3,5,walking
walk027_24.wav,5,7,walking
walk027_24.wav,7,9,walking
walk027_25.wav,1,3,walking
walk027_25.wav,3,5,walking
walk027_25.wav,5,7,walking
walk027_25.wav,7,9,walking
walk028_0.wav,1,3,walking
walk028_0.wav,3,5,walking
walk028_0.wav,5,7,walking
walk028_0.wav,7,9,walking
walk028_1.wav,1,3,walking
walk028_1.wav,3,5,walking
walk028_1.wav,5,7,walking
walk028_1.wav,7,9,walking
walk028_2.wav,1,3,walking
walk028_2.wav,3,5,walking
walk028_2.wav,5,7,walking
walk028_2.wav,7,9,walking
walk028_3.wav,1,3,walking
walk028_3.wav,3,5,walking
walk028_3.wav,5,7,walking
walk028_3.wav,7,9,walking
walk028_4.wav,1,3,walking
walk028_4.wav,3,5,walking
walk028_4.wav,5,7,walking
walk028_4.wav,7,9,walking
walk028_5.wav,1,3,walking
walk028_5.wav,3,5,walking
walk028_5.wav,5,7,walking
walk028_5.wav,7,9,walking
walk028_6.wav,1,3,walking
walk028_6.wav,3,5,walking
walk028_6.wav,5,7,walking
walk028_6.wav,7,9,walking
walk028_7.wav,1,3,walking
walk028_7.wav,3,5,walking
walk028_7.wav,5,7,walking
walk028_7.wav,7,9,walking
walk028_8.wav,1,3,walking
walk028_8.wav,3,5,walking
walk028_8.wav,5,7,walking
walk028_8.wav,7,9,walking
walk028_9.wav,1,3,walking
walk028_9.wav,3,5,walking
walk028_9.wav,5,7,walking
walk028_9.wav,7,9,walking
walk028_10.wav,1,3,walking
walk028_10.wav,3,5,walking
walk028_10.wav,5,7,walking
walk028_10.wav,7,9,walking
walk028_11.wav,1,3,walking
walk028_11.wav,3,5,walking
walk028_11.wav,5,7,walking
walk028_11.wav,7,9,walking
walk028_12.wav,1,3,walking
walk028_12.wav,3,5,walking
walk028_12.wav,5,7,walking
walk028_12.wav,7,9,walking
walk028_13.wav,1,3,walking
walk028_13.wav,3,5,walking
walk028_13.wav,5,7,walking
walk028_13.wav,7,9,walking
walk028_14.wav,1,3,walking
walk028_14.wav,3,5,walking
walk028_14.wav,5,7,walking
walk028_14.wav,7,9,walking
walk028_15.wav,1,3,walking
walk028_15.wav,3,5,walking
walk028_15.wav,5,7,walking
walk028_15.wav,7,9,walking
walk028_16.wav,1,3,walking
walk028_16.wav,3,5,walking
walk028_16.wav,5,7,walking
walk028_16.wav,7,9,walking
walk028_17.wav,1,3,walking
walk028_17.wav,3,5,walking
walk028_17.wav,5,7,walking
walk028_17.wav,7,9,walking
walk028_18.wav,1,3,walking
walk028_18.wav,3,5,walking
walk028_18.wav,5,7,walking
walk028_18.wav,7,9,walking
walk028_19.wav,1,3,walking
walk028_19.wav,3,5,walking
walk028_19.wav,5,7,walking
walk028_19.wav,7,9,walking
walk028_20.wav,1,3,walking
walk028_20.wav,3,5,walking
walk028_20.wav,5,7,walking
walk028_20.wav,7,9,walking
walk028_21.wav,1,3,walking
walk028_21.wav,3,5,walking
walk028_21.wav,5,7,walking
walk028_21.wav,7,9,walking
walk028_22.wav,1,3,walking
walk028_22.wav,3,5,walking
walk028_22.wav,5,7,walking
walk028_22.wav,7,9,walking
walk028_23.wav,1,3,walking
walk028_23.wav,3,5,walking
walk028_23.wav,5,7,walking
walk028_23.wav,7,9,walking
walk028_24.wav,1,3,walking
walk028_24.wav,3,5,walking
walk028_24.wav,5,7,walking
walk028_24.wav,7,9,walking
walk028_25.wav,1,3,walking
walk028_25.wav,3,5,walking
walk028_25.wav,5,7,walking
walk028_25.wav,7,9,walking
walk029_0.wav,1,3,walking
walk029_0.wav,3,5,walking
walk029_0.wav,5,7,walking
walk029_0.wav,7,9,walking
walk029_1.wav,1,3,walking
walk029_1.wav,3,5,walking
walk029_1.wav,5,7,walking
walk029_1.wav,7,9,walking
walk029_2.wav,1,3,walking
walk029_2.wav,3,5,walking
walk029_2.wav,5,7,walking
walk029_2.wav,7,9,walking
walk029_3.wav,1,3,walking
walk029_3.wav,3,5,walking
walk029_3.wav,5,7,walking
walk029_3.wav,7,9,walking
walk029_4.wav,1,3,walking
walk029_4.wav,3,5,walking
walk029_4.wav,5,7,walking
walk029_4.wav,7,9,walking
walk029_5.wav,1,3,walking
walk029_5.wav,3,5,walking
walk029_5.wav,5,7,walking
walk029_5.wav,7,9,walking
walk029_6.wav,1,3,walking
walk029_6.wav,3,5,walking
walk029_6.wav,5,7,walking
walk029_6.wav,7,9,walking
walk029_7.wav,1,3,walking
walk029_7.wav,3,5,walking
walk029_7.wav,5,7,walking
walk029_7.wav,7,9,walking
walk029_8.wav,1,3,walking
walk029_8.wav,3,5,walking
walk029_8.wav,5,7,walking
walk029_8.wav,7,9,walking
walk029_9.wav,1,3,walking
walk029_9.wav,3,5,walking
walk029_9.wav,5,7,walking
walk029_9.wav,7,9,walking
walk029_10.wav,1,3,walking
walk029_10.wav,3,5,walking
walk029_10.wav,5,7,walking
walk029_10.wav,7,9,walking
walk029_11.wav,1,3,walking
walk029_11.wav,3,5,walking
walk029_11.wav,5,7,walking
walk029_11.wav,7,9,walking
walk029_12.wav,1,3,walking
walk029_12.wav,3,5,walking
walk029_12.wav,5,7,walking
walk029_12.wav,7,9,walking
walk029_13.wav,1,3,walking
walk029_13.wav,3,5,walking
walk029_13.wav,5,7,walking
walk029_13.wav,7,9,walking
walk029_14.wav,1,3,walking
walk029_14.wav,3,5,walking
walk029_14.wav,5,7,walking
walk029_14.wav,7,9,walking
walk029_15.wav,1,3,walking
walk029_15.wav,3,5,walking
walk029_15.wav,5,7,walking
walk029_15.wav,7,9,walking
walk029_16.wav,1,3,walking
walk029_16.wav,3,5,walking
walk029_16.wav,5,7,walking
walk029_16.wav,7,9,walking
walk029_17.wav,1,3,walking
walk029_17.wav,3,5,walking
walk029_17.wav,5,7,walking
walk029_17.wav,7,9,walking
walk029_18.wav,1,3,walking
walk029_18.wav,3,5,walking
walk029_18.wav,5,7,walking
walk029_18.wav,7,9,walking
walk029_19.wav,1,3,walking
walk029_19.wav,3,5,walking
walk029_19.wav,5,7,walking
walk029_19.wav,7,9,walking
walk029_20.wav,1,3,walking
walk029_20.wav,3,5,walking
walk029_20.wav,5,7,walking
walk029_20.wav,7,9,walking
walk029_21.wav,1,3,walking
walk029_21.wav,3,5,walking
walk029_21.wav,5,7,walking
walk029_21.wav,7,9,walking
walk029_22.wav,1,3,walking
walk029_22.wav,3,5,walking
walk029_22.wav,5,7,walking
walk029_22.wav,7,9,walking
walk029_23.wav,1,3,walking
walk029_23.wav,3,5,walking
walk029_23.wav,5,7,walking
walk029_23.wav,7,9,walking
walk029_24.wav,1,3,walking
walk029_24.wav,3,5,walking
walk029_24.wav,5,7,walking
walk029_24.wav,7,9,walking
walk029_25.wav,1,3,walking
walk029_25.wav,3,5,walking
walk029_25.wav,5,7,walking
walk029_25.wav,7,9,walking
walk029_26.wav,1,3,walking
walk029_26.wav,3,5,walking
walk029_26.wav,5,7,walking
walk029_26.wav,7,9,walking
walk029_27.wav,1,3,walking
walk029_27.wav,3,5,walking
walk029_27.wav,5,7,walking
walk029_27.wav,7,9,walking
walk029_28.wav,1,3,walking
walk029_28.wav,3,5,walking
walk029_28.wav,5,7,walking
walk029_28.wav,7,9,walking
walk029_29.wav,1,3,walking
walk029_29.wav,3,5,walking
walk029_29.wav,5,7,walking
walk029_29.wav,7,9,walking
walk029_30.wav,1,3,walking
walk029_30.wav,3,5,walking
walk029_30.wav,5,7,walking
walk029_30.wav,7,9,walking
walk029_31.wav,1,3,walking
walk029_31.wav,3,5,walking
walk029_31.wav,5,7,walking
walk029_31.wav,7,9,walking
walk029_32.wav,1,3,walking
walk029_32.wav,3,5,walking
walk029_32.wav,5,7,walking
walk029_32.wav,7,9,walking
walk029_33.wav,1,3,walking
walk029_33.wav,3,5,walking
walk029_33.wav,5,7,walking
walk029_33.wav,7,9,walking
walk029_34.wav,1,3,walking
walk029_34.wav,3,5,walking
walk029_34.wav,5,7,walking
walk029_34.wav,7,9,walking
walk029_35.wav,1,3,walking
walk029_35.wav,3,5,walking
walk029_35.wav,5,7,walking
walk029_35.wav,7,9,walking
walk029_36.wav,1,3,walking
walk029_36.wav,3,5,walking
walk029_36.wav,5,7,walking
walk029_36.wav,7,9,walking
walk029_37.wav,1,3,walking
walk029_37.wav,3,5,walking
walk029_37.wav,5,7,walking
walk029_37.wav,7,9,walking
walk029_38.wav,1,3,walking
walk029_38.wav,3,5,walking
walk029_38.wav,5,7,walking
walk029_38.wav,7,9,walking
walk030_0.wav,1,3,walking
walk030_0.wav,3,5,walking
walk030_0.wav,5,7,walking
walk030_0.wav,7,9,walking
walk030_1.wav,1,3,walking
walk030_1.wav,3,5,walking
walk030_1.wav,5,7,walking
walk030_1.wav,7,9,walking
walk030_2.wav,1,3,walking
walk030_2.wav,3,5,walking
walk030_2.wav,5,7,walking
walk030_2.wav,7,9,walking
walk030_3.wav,1,3,walking
walk030_3.wav,3,5,walking
walk030_3.wav,5,7,walking
walk030_3.wav,7,9,walking
walk030_4.wav,1,3,walking
walk030_4.wav,3,5,walking
walk030_4.wav,5,7,walking
walk030_4.wav,7,9,walking
walk030_5.wav,1,3,walking
walk030_5.wav,3,5,walking
walk030_5.wav,5,7,walking
walk030_5.wav,7,9,walking
walk030_6.wav,1,3,walking
walk030_6.wav,3,5,walking
walk030_6.wav,5,7,walking
walk030_6.wav,7,9,walking
walk030_7.wav,1,3,walking
walk030_7.wav,3,5,walking
walk030_7.wav,5,7,walking
walk030_7.wav,7,9,walking
walk030_8.wav,1,3,walking
walk030_8.wav,3,5,walking
walk030_8.wav,5,7,walking
walk030_8.wav,7,9,walking
walk030_9.wav,1,3,walking
walk030_9.wav,3,5,walking
walk030_9.wav,5,7,walking
walk030_9.wav,7,9,walking
walk030_10.wav,1,3,walking
walk030_10.wav,3,5,walking
walk030_10.wav,5,7,walking
walk030_10.wav,7,9,walking
walk030_11.wav,1,3,walking
walk030_11.wav,3,5,walking
walk030_11.wav,5,7,walking
walk030_11.wav,7,9,walking
walk030_12.wav,1,3,walking
walk030_12.wav,3,5,walking
walk030_12.wav,5,7,walking
walk030_12.wav,7,9,walking
walk030_13.wav,1,3,walking
walk030_13.wav,3,5,walking
walk030_13.wav,5,7,walking
walk030_13.wav,7,9,walking
walk030_14.wav,1,3,walking
walk030_14.wav,3,5,walking
walk030_14.wav,5,7,walking
walk030_14.wav,7,9,walking
walk030_15.wav,1,3,walking
walk030_15.wav,3,5,walking
walk030_15.wav,5,7,walking
walk030_15.wav,7,9,walking
walk030_16.wav,1,3,walking
walk030_16.wav,3,5,walking
walk030_16.wav,5,7,walking
walk030_16.wav,7,9,walking
walk030_17.wav,1,3,walking
walk030_17.wav,3,5,walking
walk030_17.wav,5,7,walking
walk030_17.wav,7,9,walking
walk030_18.wav,1,3,walking
walk030_18.wav,3,5,walking
walk030_18.wav,5,7,walking
walk030_18.wav,7,9,walking
walk030_19.wav,1,3,walking
walk030_19.wav,3,5,walking
walk030_19.wav,5,7,walking
walk030_19.wav,7,9,walking
walk030_20.wav,1,3,walking
walk030_20.wav,3,5,walking
walk030_20.wav,5,7,walking
walk030_20.wav,7,9,walking
walk030_21.wav,1,3,walking
walk030_21.wav,3,5,walking
walk030_21.wav,5,7,walking
walk030_21.wav,7,9,walking
walk030_22.wav,1,3,walking
walk030_22.wav,3,5,walking
walk030_22.wav,5,7,walking
walk030_22.wav,7,9,walking
walk030_23.wav,1,3,walking
walk030_23.wav,3,5,walking
walk030_23.wav,5,7,walking
walk030_23.wav,7,9,walking
walk030_24.wav,1,3,walking
walk030_24.wav,3,5,walking
walk030_24.wav,5,7,walking
walk030_24.wav,7,9,walking
walk030_25.wav,1,3,walking
walk030_25.wav,3,5,walking
walk030_25.wav,5,7,walking
walk030_25.wav,7,9,walking
walk030_26.wav,1,3,walking
walk030_26.wav,3,5,walking
walk030_26.wav,5,7,walking
walk030_26.wav,7,9,walking
walk030_27.wav,1,3,walking
walk030_27.wav,3,5,walking
walk030_27.wav,5,7,walking
walk030_27.wav,7,9,walking
walk030_28.wav,1,3,walking
walk030_28.wav,3,5,walking
walk030_28.wav,5,7,walking
walk030_28.wav,7,9,walking
walk031_0.wav,1,3,walking
walk031_0.wav,3,5,walking
walk031_0.wav,5,7,walking
walk031_0.wav,7,9,walking
walk031_1.wav,1,3,walking
walk031_1.wav,3,5,walking
walk031_1.wav,5,7,walking
walk031_1.wav,7,9,walking
walk031_2.wav,1,3,walking
walk031_2.wav,3,5,walking
walk031_2.wav,5,7,walking
walk031_2.wav,7,9,walking
walk031_3.wav,1,3,walking
walk031_3.wav,3,5,walking
walk031_3.wav,5,7,walking
walk031_3.wav,7,9,walking
walk031_4.wav,1,3,walking
walk031_4.wav,3,5,walking
walk031_4.wav,5,7,walking
walk031_4.wav,7,9,walking
walk031_5.wav,1,3,walking
walk031_5.wav,3,5,walking
walk031_5.wav,5,7,walking
walk031_5.wav,7,9,walking
walk031_6.wav,1,3,walking
walk031_6.wav,3,5,walking
walk031_6.wav,5,7,walking
walk031_6.wav,7,9,walking
walk031_7.wav,1,3,walking
walk031_7.wav,3,5,walking
walk031_7.wav,5,7,walking
walk031_7.wav,7,9,walking
walk031_8.wav,1,3,walking
walk031_8.wav,3,5,walking
walk031_8.wav,5,7,walking
walk031_8.wav,7,9,walking
walk031_9.wav,1,3,walking
walk031_9.wav,3,5,walking
walk031_9.wav,5,7,walking
walk031_9.wav,7,9,walking
walk031_10.wav,1,3,walking
walk031_10.wav,3,5,walking
walk031_10.wav,5,7,walking
walk031_10.wav,7,9,walking
walk031_11.wav,1,3,walking
walk031_11.wav,3,5,walking
walk031_11.wav,5,7,walking
walk031_11.wav,7,9,walking
walk031_12.wav,1,3,walking
walk031_12.wav,3,5,walking
walk031_12.wav,5,7,walking
walk031_12.wav,7,9,walking
walk031_13.wav,1,3,walking
walk031_13.wav,3,5,walking
walk031_13.wav,5,7,walking
walk031_13.wav,7,9,walking
walk031_14.wav,1,3,walking
walk031_14.wav,3,5,walking
walk031_14.wav,5,7,walking
walk031_14.wav,7,9,walking
walk031_15.wav,1,3,walking
walk031_15.wav,3,5,walking
walk031_15.wav,5,7,walking
walk031_15.wav,7,9,walking
walk031_16.wav,1,3,walking
walk031_16.wav,3,5,walking
walk031_16.wav,5,7,walking
walk031_16.wav,7,9,walking
walk031_17.wav,1,3,walking
walk031_17.wav,3,5,walking
walk031_17.wav,5,7,walking
walk031_17.wav,7,9,walking
walk031_18.wav,1,3,walking
walk031_18.wav,3,5,walking
walk031_18.wav,5,7,walking
walk031_18.wav,7,9,walking
walk031_19.wav,1,3,walking
walk031_19.wav,3,5,walking
walk031_19.wav,5,7,walking
walk031_19.wav,7,9,walking
walk031_20.wav,1,3,walking
walk031_20.wav,3,5,walking
walk031_20.wav,5,7,walking
walk031_20.wav,7,9,walking
walk031_21.wav,1,3,walking
walk031_21.wav,3,5,walking
walk031_21.wav,5,7,walking
walk031_21.wav,7,9,walking
walk031_22.wav,1,3,walking
walk031_22.wav,3,5,walking
walk031_22.wav,5,7,walking
walk031_22.wav,7,9,walking
walk031_23.wav,1,3,walking
walk031_23.wav,3,5,walking
walk031_23.wav,5,7,walking
walk031_23.wav,7,9,walking
walk031_24.wav,1,3,walking
walk031_24.wav,3,5,walking
walk031_24.wav,5,7,walking
walk031_24.wav,7,9,walking
walk031_25.wav,1,3,walking
walk031_25.wav,3,5,walking
walk031_25.wav,5,7,walking
walk031_25.wav,7,9,walking
walk032_0.wav,1,3,walking
walk032_0.wav,3,5,walking
walk032_0.wav,5,7,walking
walk032_0.wav,7,9,walking
walk032_1.wav,1,3,walking
walk032_1.wav,3,5,walking
walk032_1.wav,5,7,walking
walk032_1.wav,7,9,walking
walk033_0.wav,1,3,walking
walk033_0.wav,3,5,walking
walk033_0.wav,5,7,walking
walk033_0.wav,7,9,walking
walk033_1.wav,1,3,walking
walk033_1.wav,3,5,walking
walk033_1.wav,5,7,walking
walk033_1.wav,7,9,walking
walk033_2.wav,1,3,walking
walk033_2.wav,3,5,walking
walk033_2.wav,5,7,walking
walk033_2.wav,7,9,walking
walk033_3.wav,1,3,walking
walk033_3.wav,3,5,walking
walk033_3.wav,5,7,walking
walk033_3.wav,7,9,walking
walk033_4.wav,1,3,walking
walk033_4.wav,3,5,walking
walk033_4.wav,5,7,walking
walk033_4.wav,7,9,walking
walk034_0.wav,1,3,walking
walk034_0.wav,3,5,walking
walk034_0.wav,5,7,walking
walk034_0.wav,7,9,walking
walk034_1.wav,1,3,walking
walk034_1.wav,3,5,walking
walk034_1.wav,5,7,walking
walk034_1.wav,7,9,walking
walk034_2.wav,1,3,walking
walk034_2.wav,3,5,walking
walk034_2.wav,5,7,walking
walk034_2.wav,7,9,walking
walk034_3.wav,1,3,walking
walk034_3.wav,3,5,walking
walk034_3.wav,5,7,walking
walk034_3.wav,7,9,walking
walk034_4.wav,1,3,walking
walk034_4.wav,3,5,walking
walk034_4.wav,5,7,walking
walk034_4.wav,7,9,walking
walk034_5.wav,1,3,walking
walk034_5.wav,3,5,walking
walk034_5.wav,5,7,walking
walk034_5.wav,7,9,walking
walk034_6.wav,1,3,walking
walk034_6.wav,3,5,walking
walk034_6.wav,5,7,walking
walk034_6.wav,7,9,walking
walk034_7.wav,1,3,walking
walk034_7.wav,3,5,walking
walk034_7.wav,5,7,walking
walk034_7.wav,7,9,walking
walk035_0.wav,1,3,walking
walk035_0.wav,3,5,walking
walk035_0.wav,5,7,walking
walk035_0.wav,7,9,walking
walk035_1.wav,1,3,walking
walk035_1.wav,3,5,walking
walk035_1.wav,5,7,walking
walk035_1.wav,7,9,walking
walk035_2.wav,1,3,walking
walk035_2.wav,3,5,walking
walk035_2.wav,5,7,walking
walk035_2.wav,7,9,walking
walk035_3.wav,1,3,walking
walk035_3.wav,3,5,walking
walk035_3.wav,5,7,walking
walk035_3.wav,7,9,walking
walk035_4.wav,1,3,walking
walk035_4.wav,3,5,walking
walk035_4.wav,5,7,walking
walk035_4.wav,7,9,walking
walk035_5.wav,1,3,walking
walk035_5.wav,3,5,walking
walk035_5.wav,5,7,walking
walk035_5.wav,7,9,walking
walk035_6.wav,1,3,walking
walk035_6.wav,3,5,walking
walk035_6.wav,5,7,walking
walk035_6.wav,7,9,walking
walk035_7.wav,1,3,walking
walk035_7.wav,3,5,walking
walk035_7.wav,5,7,walking
walk035_7.wav,7,9,walking
walk035_8.wav,1,3,walking
walk035_8.wav,3,5,walking
walk035_8.wav,5,7,walking
walk035_8.wav,7,9,walking
walk035_9.wav,1,3,walking
walk035_9.wav,3,5,walking
walk035_9.wav,5,7,walking
walk035_9.wav,7,9,walking
walk035_10.wav,1,3,walking
walk035_10.wav,3,5,walking
walk035_10.wav,5,7,walking
walk035_10.wav,7,9,walking
walk035_11.wav,1,3,walking
walk035_11.wav,3,5,walking
walk035_11.wav,5,7,walking
walk035_11.wav,7,9,walking
walk035_12.wav,1,3,walking
walk035_12.wav,3,5,walking
walk035_12.wav,5,7,walking
walk035_12.wav,7,9,walking
walk035_13.wav,1,3,walking
walk035_13.wav,3,5,walking
walk035_13.wav,5,7,walking
walk035_13.wav,7,9,walking
walk035_14.wav,1,3,walking
walk035_14.wav,3,5,walking
walk035_14.wav,5,7,walking
walk035_14.wav,7,9,walking
walk035_15.wav,1,3,walking
walk035_15.wav,3,5,walking
walk035_15.wav,5,7,walking
walk035_15.wav,7,9,walking
walk035_16.wav,1,3,walking
walk035_16.wav,3,5,walking
walk035_16.wav,5,7,walking
walk035_16.wav,7,9,walking
walk035_17.wav,1,3,walking
walk035_17.wav,3,5,walking
walk035_17.wav,5,7,walking
walk035_17.wav,7,9,walking
walk035_18.wav,1,3,walking
walk035_18.wav,3,5,walking
walk035_18.wav,5,7,walking
walk035_18.wav,7,9,walking
walk035_19.wav,1,3,walking
walk035_19.wav,3,5,walking
walk035_19.wav,5,7,walking
walk035_19.wav,7,9,walking
walk035_20.wav,1,3,walking
walk035_20.wav,3,5,walking
walk035_20.wav,5,7,walking
walk035_20.wav,7,9,walking
walk035_21.wav,1,3,walking
walk035_21.wav,3,5,walking
walk035_21.wav,5,7,walking
walk035_21.wav,7,9,walking
walk035_22.wav,1,3,walking
walk035_22.wav,3,5,walking
walk035_22.wav,5,7,walking
walk035_22.wav,7,9,walking
walk035_23.wav,1,3,walking
walk035_23.wav,3,5,walking
walk035_23.wav,5,7,walking
walk035_23.wav,7,9,walking
walk035_24.wav,1,3,walking
walk035_24.wav,3,5,walking
walk035_24.wav,5,7,walking
walk035_24.wav,7,9,walking
walk035_25.wav,1,3,walking
walk035_25.wav,3,5,walking
walk035_25.wav,5,7,walking
walk035_25.wav,7,9,walking
walk035_26.wav,1,3,walking
walk035_26.wav,3,5,walking
walk035_26.wav,5,7,walking
walk035_26.wav,7,9,walking
walk035_27.wav,1,3,walking
walk035_27.wav,3,5,walking
walk035_27.wav,5,7,walking
walk035_27.wav,7,9,walking
walk035_28.wav,1,3,walking
walk035_28.wav,3,5,walking
walk035_28.wav,5,7,walking
walk035_28.wav,7,9,walking
walk035_29.wav,1,3,walking
walk035_29.wav,3,5,walking
walk035_29.wav,5,7,walking
walk035_29.wav,7,9,walking
walk035_30.wav,1,3,walking
walk035_30.wav,3,5,walking
walk035_30.wav,5,7,walking
walk035_30.wav,7,9,walking
walk035_31.wav,1,3,walking
walk035_31.wav,3,5,walking
walk035_31.wav,5,7,walking
walk035_31.wav,7,9,walking
walk035_32.wav,1,3,walking
walk035_32.wav,3,5,walking
walk035_32.wav,5,7,walking
walk035_32.wav,7,9,walking
walk035_33.wav,1,3,walking
walk035_33.wav,3,5,walking
walk035_33.wav,5,7,walking
walk035_33.wav,7,9,walking
walk035_34.wav,1,3,walking
walk035_34.wav,3,5,walking
walk035_34.wav,5,7,walking
walk035_34.wav,7,9,walking
walk035_35.wav,1,3,walking
walk035_35.wav,3,5,walking
walk035_35.wav,5,7,walking
walk035_35.wav,7,9,walking
walk035_36.wav,1,3,walking
walk035_36.wav,3,5,walking
walk035_36.wav,5,7,walking
walk035_36.wav,7,9,walking
walk035_37.wav,1,3,walking
walk035_37.wav,3,5,walking
walk035_37.wav,5,7,walking
walk035_37.wav,7,9,walking
walk035_38.wav,1,3,walking
walk035_38.wav,3,5,walking
walk035_38.wav,5,7,walking
walk035_38.wav,7,9,walking
walk035_39.wav,1,3,walking
walk035_39.wav,3,5,walking
walk035_39.wav,5,7,walking
walk035_39.wav,7,9,walking
walk035_40.wav,1,3,walking
walk035_40.wav,3,5,walking
walk035_40.wav,5,7,walking
walk035_40.wav,7,9,walking
walk035_41.wav,1,3,walking
walk035_41.wav,3,5,walking
walk035_41.wav,5,7,walking
walk035_41.wav,7,9,walking
walk035_42.wav,1,3,walking
walk035_42.wav,3,5,walking
walk035_42.wav,5,7,walking
walk035_42.wav,7,9,walking
walk035_43.wav,1,3,walking
walk035_43.wav,3,5,walking
walk035_43.wav,5,7,walking
walk035_43.wav,7,9,walking
walk035_44.wav,1,3,walking
walk035_44.wav,3,5,walking
walk035_44.wav,5,7,walking
walk035_44.wav,7,9,walking
walk035_45.wav,1,3,walking
walk035_45.wav,3,5,walking
walk035_45.wav,5,7,walking
walk035_45.wav,7,9,walking
walk035_46.wav,1,3,walking
walk035_46.wav,3,5,walking
walk035_46.wav,5,7,walking
walk035_46.wav,7,9,walking
walk035_47.wav,1,3,walking
walk035_47.wav,3,5,walking
walk035_47.wav,5,7,walking
walk035_47.wav,7,9,walking
walk035_48.wav,1,3,walking
walk035_48.wav,3,5,walking
walk035_48.wav,5,7,walking
walk035_48.wav,7,9,walking
walk035_49.wav,1,3,walking
walk035_49.wav,3,5,walking
walk035_49.wav,5,7,walking
walk035_49.wav,7,9,walking
walk035_50.wav,1,3,walking
walk035_50.wav,3,5,walking
walk035_50.wav,5,7,walking
walk035_50.wav,7,9,walking
walk035_51.wav,1,3,walking
walk035_51.wav,3,5,walking
walk035_51.wav,5,7,walking
walk035_51.wav,7,9,walking
walk035_52.wav,1,3,walking
walk035_52.wav,3,5,walking
walk035_52.wav,5,7,walking
walk035_52.wav,7,9,walking
walk035_53.wav,1,3,walking
walk035_53.wav,3,5,walking
walk035_53.wav,5,7,walking
walk035_53.wav,7,9,walking
walk035_54.wav,1,3,walking
walk035_54.wav,3,5,walking
walk035_54.wav,5,7,walking
walk035_54.wav,7,9,walking
walk035_55.wav,1,3,walking
walk035_55.wav,3,5,walking
walk035_55.wav,5,7,walking
walk035_55.wav,7,9,walking
walk035_56.wav,1,3,walking
walk035_56.wav,3,5,walking
walk035_56.wav,5,7,walking
walk035_56.wav,7,9,walking
walk035_57.wav,1,3,walking
walk035_57.wav,3,5,walking
walk035_57.wav,5,7,walking
walk035_57.wav,7,9,walking
walk035_58.wav,1,3,walking
walk035_58.wav,3,5,walking
walk035_58.wav,5,7,walking
walk035_58.wav,7,9,walking
walk035_59.wav,1,3,walking
walk035_59.wav,3,5,walking
walk035_59.wav,5,7,walking
walk035_59.wav,7,9,walking
walk035_60.wav,1,3,walking
walk035_60.wav,3,5,walking
walk035_60.wav,5,7,walking
walk035_60.wav,7,9,walking
walk035_61.wav,1,3,walking
walk035_61.wav,3,5,walking
walk035_61.wav,5,7,walking
walk035_61.wav,7,9,walking
walk035_62.wav,1,3,walking
walk035_62.wav,3,5,walking
walk035_62.wav,5,7,walking
walk035_62.wav,7,9,walking
walk035_63.wav,1,3,walking
walk035_63.wav,3,5,walking
walk035_63.wav,5,7,walking
walk035_63.wav,7,9,walking
walk035_64.wav,1,3,walking
walk035_64.wav,3,5,walking
walk035_64.wav,5,7,walking
walk035_64.wav,7,9,walking
walk035_65.wav,1,3,walking
walk035_65.wav,3,5,walking
walk035_65.wav,5,7,walking
walk035_65.wav,7,9,walking
walk035_66.wav,1,3,walking
walk035_66.wav,3,5,walking
walk035_66.wav,5,7,walking
walk035_66.wav,7,9,walking
walk035_67.wav,1,3,walking
walk035_67.wav,3,5,walking
walk035_67.wav,5,7,walking
walk035_67.wav,7,9,walking
walk035_68.wav,1,3,walking
walk035_68.wav,3,5,walking
walk035_68.wav,5,7,walking
walk035_68.wav,7,9,walking
